Date,Open,High,Low,Close,Adj Close,Volume
2022-08-01,3327.0,3327.0,3271.0,3298.800048828125,3139.75390625,1306913
2022-08-02,3290.0,3312.89990234375,3271.64990234375,3291.800048828125,3133.091064453125,1269114
2022-08-03,3280.0,3349.0,3277.050048828125,3339.5,3178.491455078125,2895824
2022-08-04,3350.0,3387.89990234375,3307.35009765625,3354.949951171875,3193.1962890625,2150567
2022-08-05,3361.199951171875,3377.0,3355.0,3365.050048828125,3202.809814453125,1106933
2022-08-08,3365.0,3378.89990234375,3336.0,3374.449951171875,3211.756103515625,1068836
2022-08-10,3385.0,3385.0,3335.0,3354.25,3192.530029296875,1878359
2022-08-11,3400.0,3428.699951171875,3375.050048828125,3422.5,3257.489501953125,1449248
2022-08-12,3419.0,3419.0,3381.25,3401.550048828125,3237.549560546875,1472354
2022-08-16,3411.0,3414.85009765625,3387.5,3392.699951171875,3229.1259765625,839942
2022-08-17,3385.10009765625,3417.949951171875,3371.10009765625,3401.10009765625,3237.12158203125,1622326
2022-08-18,3390.0,3392.0,3362.0,3381.25,3218.228515625,1430659
2022-08-19,3387.0,3421.5,3371.25,3385.75,3222.51123046875,1398410
2022-08-22,3365.0,3384.10009765625,3347.39990234375,3354.550048828125,3192.815673828125,1536532
2022-08-23,3319.949951171875,3341.89990234375,3270.0,3284.60009765625,3126.238037109375,1849256
2022-08-24,3292.0,3308.0,3250.199951171875,3255.35009765625,3098.398681640625,1691923
2022-08-25,3276.0,3278.14990234375,3214.75,3218.199951171875,3063.03955078125,1946930
2022-08-26,3234.300048828125,3257.0,3216.800048828125,3222.199951171875,3066.846923828125,1457962
2022-08-29,3125.0,3142.699951171875,3081.0,3132.550048828125,2981.519287109375,2539173
2022-08-30,3155.0,3226.5,3142.10009765625,3211.14990234375,3056.329345703125,3431525
2022-09-01,3190.0,3190.0,3121.0,3131.699951171875,2980.710205078125,3546935
2022-09-02,3163.0,3163.0,3120.300048828125,3130.39990234375,2979.47265625,2052900
2022-09-05,3123.64990234375,3147.949951171875,3112.25,3133.39990234375,2982.327880859375,2147912
2022-09-06,3135.5,3140.85009765625,3106.35009765625,3127.050048828125,2976.2841796875,1936453
2022-09-07,3102.0,3161.89990234375,3102.0,3149.60009765625,2997.7470703125,1291534
2022-09-08,3170.0,3183.5,3160.10009765625,3169.64990234375,3016.830078125,1346113
2022-09-09,3195.0,3233.5,3168.5,3217.64990234375,3062.515869140625,1561185
2022-09-12,3239.89990234375,3269.800048828125,3225.0,3242.949951171875,3086.59619140625,1785928
2022-09-13,3263.449951171875,3263.449951171875,3225.0,3229.35009765625,3073.65185546875,1972678
2022-09-14,3135.0,3141.39990234375,3113.800048828125,3120.39990234375,2969.954833984375,5090269
2022-09-15,3130.0,3137.75,3100.0,3104.35009765625,2954.67919921875,2138023
2022-09-16,3076.0,3094.35009765625,3000.0,3008.699951171875,2863.64013671875,5322221
2022-09-19,3036.0,3042.0,2987.800048828125,3028.800048828125,2882.77099609375,2072220
2022-09-20,3050.0,3079.949951171875,3030.0,3040.300048828125,2893.716552734375,1544295
2022-09-21,3028.0,3041.39990234375,2998.14990234375,3001.199951171875,2856.501708984375,2253818
2022-09-22,2990.0,3029.949951171875,2979.300048828125,3007.39990234375,2862.403076171875,2017983
2022-09-23,3004.0,3022.5,2979.0,2982.050048828125,2838.275634765625,2652374
2022-09-26,2959.85009765625,3025.85009765625,2926.10009765625,2994.39990234375,2850.02978515625,2925489
2022-09-27,3009.39990234375,3025.0,2976.0,3017.449951171875,2871.96826171875,2227447
2022-09-28,2980.0,3049.949951171875,2980.0,3035.64990234375,2889.291015625,2739767
2022-09-29,3054.0,3055.85009765625,2990.0,2997.300048828125,2852.789794921875,2493902
2022-09-30,2990.85009765625,3019.699951171875,2950.10009765625,3004.550048828125,2859.690673828125,2817353
2022-10-03,2995.0,3020.699951171875,2974.0,2984.949951171875,2841.03564453125,1763331
2022-10-04,3029.949951171875,3098.0,3023.0,3091.14990234375,2942.11474609375,2145875
2022-10-06,3111.0,3124.0,3092.449951171875,3101.949951171875,2952.394287109375,1790816
2022-10-07,3097.39990234375,3105.0,3058.10009765625,3064.89990234375,2917.130615234375,1939879
2022-10-10,3010.0,3127.0,3005.0,3118.550048828125,2968.194091796875,3064063
2022-10-11,3100.0,3145.0,3053.35009765625,3069.550048828125,2921.556396484375,4730645
2022-10-12,3084.89990234375,3109.89990234375,3062.050048828125,3100.75,2951.251953125,1665247
2022-10-13,3100.75,3110.0,3052.35009765625,3103.300048828125,2953.679443359375,2054781
2022-10-14,3145.0,3150.0,3071.0,3099.14990234375,2949.729248046875,2245977
2022-10-17,3072.64990234375,3128.39990234375,3071.449951171875,3111.75,2969.38671875,1517005
2022-10-18,3150.0,3155.35009765625,3128.550048828125,3144.699951171875,3000.829345703125,1793722
2022-10-19,3159.0,3159.0,3112.0,3121.85009765625,2979.02490234375,1194289
2022-10-20,3105.0,3160.0,3105.0,3157.300048828125,3012.85302734375,1587601
2022-10-21,3157.800048828125,3160.39990234375,3127.0,3137.39990234375,2993.863525390625,1021913
2022-10-24,3170.10009765625,3178.0,3155.0,3161.699951171875,3017.051513671875,260949
2022-10-25,3180.5,3184.25,3151.14990234375,3162.10009765625,3017.43310546875,2069643
2022-10-27,3160.699951171875,3174.0,3134.35009765625,3157.39990234375,3012.948486328125,2438421
2022-10-28,3150.0,3178.5,3145.0,3163.25,3018.530517578125,1355739
2022-10-31,3199.0,3199.0,3177.800048828125,3193.14990234375,3047.062744140625,1919414
2022-11-01,3214.5,3262.60009765625,3203.449951171875,3259.699951171875,3110.567626953125,2991060
2022-11-02,3270.0,3270.0,3222.050048828125,3241.699951171875,3093.391357421875,1405955
2022-11-03,3228.050048828125,3228.050048828125,3195.0,3206.75,3060.04052734375,1422652
2022-11-04,3217.0,3220.050048828125,3166.14990234375,3217.39990234375,3070.203369140625,1464013
2022-11-07,3229.0,3242.800048828125,3195.10009765625,3233.699951171875,3085.75732421875,1474498
2022-11-09,3249.800048828125,3249.800048828125,3201.64990234375,3216.050048828125,3068.915283203125,1162267
2022-11-10,3170.0,3225.0,3170.0,3205.64990234375,3058.99072265625,1573092
2022-11-11,3269.60009765625,3341.60009765625,3255.050048828125,3315.949951171875,3164.244873046875,3265394
2022-11-14,3324.0,3349.0,3309.0,3335.5,3182.900146484375,1342074
2022-11-15,3321.0,3339.949951171875,3292.0,3332.60009765625,3180.133056640625,1400708
2022-11-16,3338.89990234375,3367.89990234375,3321.449951171875,3355.35009765625,3201.84228515625,1748235
2022-11-17,3340.0,3360.0,3317.75,3349.0,3195.782470703125,1417986
2022-11-18,3350.0,3362.75,3321.0,3343.449951171875,3190.486328125,1164540
2022-11-21,3322.5,3333.699951171875,3273.0,3283.5,3133.279296875,1304194
2022-11-22,3280.0,3318.949951171875,3255.25,3314.949951171875,3163.2900390625,1149739
2022-11-23,3330.0,3330.0,3291.0,3308.300048828125,3156.94482421875,1150011
2022-11-24,3316.25,3392.949951171875,3308.300048828125,3380.14990234375,3225.507568359375,1296591
2022-11-25,3383.0,3403.35009765625,3348.0,3389.64990234375,3234.572998046875,1588981
2022-11-28,3366.0,3417.0,3365.550048828125,3395.25,3239.9169921875,2195437
2022-11-29,3383.0,3429.0,3383.0,3397.35009765625,3241.9208984375,1576028
2022-11-30,3383.0,3414.89990234375,3375.0,3390.800048828125,3235.67041015625,3410702
2022-12-01,3425.0,3480.0,3420.0,3475.64990234375,3316.63818359375,2180856
2022-12-02,3458.10009765625,3468.89990234375,3413.0,3439.14990234375,3281.808349609375,2411749
2022-12-05,3433.0,3439.14990234375,3407.0,3425.89990234375,3269.1640625,1475065
2022-12-06,3400.050048828125,3407.949951171875,3368.0,3385.35009765625,3230.4697265625,1166999
2022-12-07,3368.300048828125,3393.699951171875,3354.0,3380.60009765625,3225.936767578125,1167505
2022-12-08,3360.0,3380.60009765625,3339.449951171875,3350.550048828125,3197.26171875,1285619
2022-12-09,3374.10009765625,3374.10009765625,3276.35009765625,3292.75,3142.10595703125,1797896
2022-12-12,3255.5,3296.0,3236.10009765625,3286.449951171875,3136.09423828125,1527610
2022-12-13,3277.199951171875,3336.449951171875,3267.800048828125,3332.10009765625,3179.65576171875,1378016
2022-12-14,3348.800048828125,3377.0,3340.89990234375,3365.35009765625,3211.384765625,1213311
2022-12-15,3358.800048828125,3364.75,3298.949951171875,3305.10009765625,3153.89111328125,1415694
2022-12-16,3275.0,3292.0,3225.199951171875,3240.25,3092.008056640625,2703680
2022-12-19,3227.0,3245.5,3194.5,3202.050048828125,3055.5556640625,2120965
2022-12-20,3198.89990234375,3249.0,3163.64990234375,3243.949951171875,3095.53857421875,1529971
2022-12-21,3249.0,3283.050048828125,3240.0,3268.550048828125,3119.013427734375,1432566
2022-12-22,3294.0,3294.0,3245.10009765625,3259.699951171875,3110.567626953125,1384101
2022-12-23,3217.0,3266.85009765625,3217.0,3228.35009765625,3080.652587890625,1360281
2022-12-26,3228.35009765625,3272.0,3225.050048828125,3252.89990234375,3104.0791015625,870157
2022-12-27,3269.199951171875,3273.800048828125,3231.5,3259.5,3110.376953125,835883
2022-12-28,3249.800048828125,3266.10009765625,3226.0,3257.10009765625,3108.087158203125,910795
2022-12-29,3231.10009765625,3271.5,3228.0,3268.75,3119.2041015625,1037927
2022-12-30,3286.050048828125,3299.0,3246.199951171875,3256.699951171875,3107.70556640625,1163131
2023-01-02,3261.0,3266.85009765625,3235.199951171875,3261.449951171875,3112.238037109375,709547
2023-01-03,3252.0,3320.0,3245.300048828125,3311.35009765625,3159.855224609375,1245178
2023-01-04,3306.699951171875,3327.35009765625,3286.199951171875,3314.64990234375,3163.004150390625,1231668
2023-01-05,3330.199951171875,3337.300048828125,3281.949951171875,3311.10009765625,3159.61669921875,1826057
2023-01-06,3300.0,3301.550048828125,3200.0,3211.550048828125,3064.621337890625,2488376
2023-01-09,3229.0,3327.0,3221.14990234375,3319.949951171875,3168.061767578125,2885060
2023-01-10,3285.0,3298.0,3230.10009765625,3286.39990234375,3136.046630859375,3864655
2023-01-11,3290.10009765625,3349.5,3271.14990234375,3328.699951171875,3176.411376953125,2720512
2023-01-12,3329.0,3350.0,3315.550048828125,3334.35009765625,3181.802978515625,2250391
2023-01-13,3342.89990234375,3379.0,3305.0,3374.550048828125,3220.164306640625,1742837
2023-01-16,3317.0,3353.0,3298.050048828125,3334.050048828125,3245.963623046875,1843607
2023-01-17,3330.0,3381.800048828125,3321.0,3378.39990234375,3289.1416015625,1688475
2023-01-18,3380.0,3408.949951171875,3372.25,3390.0,3300.43505859375,2421189
2023-01-19,3380.0,3387.0,3361.0,3373.10009765625,3283.98193359375,1585044
2023-01-20,3365.0,3394.64990234375,3355.60009765625,3363.10009765625,3274.24609375,1529349
2023-01-23,3388.0,3419.0,3355.60009765625,3414.89990234375,3324.677001953125,1067916
2023-01-24,3425.0,3451.949951171875,3417.300048828125,3436.300048828125,3345.51220703125,1387863
2023-01-25,3425.300048828125,3435.0,3405.0,3429.75,3339.135009765625,874110
2023-01-27,3426.0,3446.0,3382.300048828125,3411.050048828125,3320.929443359375,1785879
2023-01-30,3420.0,3458.449951171875,3385.550048828125,3433.64990234375,3342.93212890625,1953798
2023-01-31,3449.0,3449.0,3351.0,3358.699951171875,3269.962158203125,2820375
2023-02-01,3363.0,3419.0,3355.0,3408.35009765625,3318.300537109375,2205161
2023-02-02,3427.0,3469.0,3420.10009765625,3460.39990234375,3368.9755859375,1813847
2023-02-03,3504.0,3504.0,3452.89990234375,3482.300048828125,3390.296630859375,1804469
2023-02-06,3473.14990234375,3473.14990234375,3436.85009765625,3459.949951171875,3368.537353515625,1138714
2023-02-07,3468.89990234375,3493.0,3461.39990234375,3472.550048828125,3380.804443359375,1455647
2023-02-08,3478.050048828125,3539.89990234375,3478.050048828125,3520.10009765625,3427.09814453125,1986946
2023-02-09,3515.0,3547.60009765625,3505.300048828125,3540.85009765625,3447.300048828125,1655427
2023-02-10,3520.0,3542.35009765625,3508.14990234375,3537.550048828125,3444.087158203125,1187821
2023-02-13,3549.0,3549.0,3473.39990234375,3482.39990234375,3390.393798828125,1087939
2023-02-14,3505.0,3524.85009765625,3495.0,3500.10009765625,3407.626220703125,1579818
2023-02-15,3487.0,3526.0,3460.14990234375,3520.64990234375,3427.633544921875,1429449
2023-02-16,3527.199951171875,3575.0,3527.0,3558.050048828125,3464.045654296875,1618931
2023-02-17,3526.14990234375,3538.89990234375,3490.0,3501.14990234375,3408.648681640625,1061369
2023-02-20,3502.0,3522.0,3475.050048828125,3487.300048828125,3395.164794921875,1296082
2023-02-21,3494.0,3508.89990234375,3444.75,3451.0,3359.823974609375,1139541
2023-02-22,3414.949951171875,3447.0,3395.0,3401.550048828125,3311.680419921875,1218430
2023-02-23,3421.0,3452.39990234375,3408.0,3413.800048828125,3323.606689453125,1441570
2023-02-24,3422.5,3433.949951171875,3382.300048828125,3400.449951171875,3310.60888671875,977592
2023-02-27,3390.0,3390.0,3316.0,3331.85009765625,3243.82177734375,1128022
2023-02-28,3328.5,3392.0,3299.89990234375,3312.85009765625,3225.32373046875,4116217
2023-03-01,3323.0,3389.0,3315.0,3385.699951171875,3296.2490234375,1669307
2023-03-02,3361.0,3369.89990234375,3318.0,3321.449951171875,3233.696044921875,1556538
2023-03-03,3354.0,3358.0,3331.10009765625,3342.14990234375,3253.849609375,1043190
2023-03-06,3361.89990234375,3404.949951171875,3359.0,3371.85009765625,3282.764892578125,1334132
2023-03-08,3364.0,3396.0,3330.85009765625,3390.39990234375,3300.824462890625,1844590
2023-03-09,3385.0,3385.0,3330.85009765625,3336.85009765625,3248.689697265625,1648500
2023-03-10,3312.89990234375,3337.25,3290.0,3331.0,3242.994140625,1024404
2023-03-13,3333.0,3369.800048828125,3272.0,3281.949951171875,3195.240234375,1901233
2023-03-14,3280.0,3304.39990234375,3209.39990234375,3214.949951171875,3130.01025390625,2670334
2023-03-15,3250.0,3260.35009765625,3192.0,3198.89990234375,3114.384033203125,1780522
2023-03-16,3208.0,3219.800048828125,3172.0,3185.0,3100.851318359375,1901060
2023-03-17,3150.5,3221.39990234375,3144.0,3179.300048828125,3095.302490234375,6739966
2023-03-20,3169.64990234375,3169.64990234375,3095.050048828125,3143.300048828125,3060.253662109375,2289468
2023-03-21,3143.300048828125,3156.75,3097.449951171875,3106.10009765625,3024.036376953125,1815297
2023-03-22,3130.050048828125,3143.5,3106.10009765625,3130.800048828125,3048.08349609375,1123939
2023-03-23,3114.89990234375,3146.35009765625,3101.0,3124.64990234375,3042.09619140625,1372218
2023-03-24,3148.89990234375,3170.0,3106.0,3120.5,3038.0556640625,1329577
2023-03-27,3135.0,3152.75,3106.0,3122.300048828125,3039.80810546875,1524217
2023-03-28,3127.0,3149.550048828125,3110.14990234375,3115.89990234375,3033.5771484375,1303530
2023-03-29,3129.0,3150.0,3104.10009765625,3138.89990234375,3055.969482421875,1740616
2023-03-31,3189.949951171875,3213.0,3152.0,3205.89990234375,3121.198974609375,2382581
2023-04-03,3224.949951171875,3224.949951171875,3173.75,3200.0,3115.455078125,1521830
2023-04-05,3185.5,3264.35009765625,3185.5,3239.800048828125,3154.20361328125,2655065
2023-04-06,3225.0,3257.35009765625,3215.0,3220.699951171875,3135.608154296875,1703464
2023-04-10,3220.0,3272.0,3215.0,3263.39990234375,3177.179931640625,2203187
2023-04-11,3264.0,3272.949951171875,3192.14990234375,3213.800048828125,3128.890625,2348779
2023-04-12,3227.949951171875,3260.949951171875,3199.0,3241.64990234375,3156.0048828125,2417727
2023-04-13,3210.0,3230.0,3180.0,3188.85009765625,3104.599609375,4174070
2023-04-17,3134.10009765625,3163.39990234375,3070.25,3139.5,3056.5537109375,5505048
2023-04-18,3154.949951171875,3156.85009765625,3110.60009765625,3130.75,3048.03515625,2617302
2023-04-19,3130.75,3140.0,3071.5,3089.60009765625,3007.9716796875,3298034
2023-04-20,3090.0,3113.0,3078.0,3104.800048828125,3022.77099609375,2419999
2023-04-21,3110.0,3164.449951171875,3100.800048828125,3160.85009765625,3077.33984375,1929184
2023-04-24,3151.10009765625,3180.949951171875,3126.14990234375,3174.800048828125,3090.9208984375,1640676
2023-04-25,3183.0,3191.199951171875,3147.5,3176.0,3092.08935546875,2024090
2023-04-26,3181.0,3208.39990234375,3181.0,3198.14990234375,3113.654296875,2000029
2023-04-27,3185.0,3199.199951171875,3170.64990234375,3187.949951171875,3103.723388671875,2434446
2023-04-28,3200.39990234375,3227.25,3196.25,3219.25,3134.197021484375,2931312
2023-05-02,3235.0,3235.0,3210.0,3219.39990234375,3134.34228515625,2321159
2023-05-03,3216.0,3216.0,3173.14990234375,3179.89990234375,3095.886474609375,2468285
2023-05-04,3180.14990234375,3224.449951171875,3178.0,3220.699951171875,3135.608154296875,1953253
2023-05-05,3220.0,3244.0,3210.050048828125,3230.699951171875,3145.344482421875,1710027
2023-05-08,3245.0,3254.85009765625,3231.300048828125,3250.60009765625,3164.71826171875,928235
2023-05-09,3252.60009765625,3298.0,3246.0,3283.25,3196.505615234375,1107375
2023-05-10,3290.0,3306.5,3266.050048828125,3286.800048828125,3199.9619140625,1559987
2023-05-11,3309.0,3309.699951171875,3272.0,3282.14990234375,3195.434814453125,1719623
2023-05-12,3279.14990234375,3290.0,3260.0,3274.300048828125,3187.792236328125,1027479
2023-05-15,3284.0,3292.0,3248.35009765625,3255.050048828125,3169.05078125,1150390
2023-05-16,3256.199951171875,3285.0,3250.449951171875,3258.14990234375,3172.068359375,986306
2023-05-17,3255.949951171875,3280.0,3198.25,3208.699951171875,3123.92529296875,1588815
2023-05-18,3225.949951171875,3228.949951171875,3195.0,3199.85009765625,3115.30908203125,1369364
2023-05-19,3210.0,3234.5,3203.050048828125,3222.85009765625,3137.70166015625,1152449
2023-05-22,3230.0,3308.449951171875,3217.050048828125,3298.699951171875,3211.547607421875,1333243
2023-05-23,3306.0,3327.949951171875,3290.10009765625,3297.050048828125,3209.94091796875,1687418
2023-05-24,3276.0,3317.199951171875,3276.0,3303.35009765625,3216.07470703125,1016555
2023-05-25,3294.0,3306.0,3267.10009765625,3293.5,3206.48486328125,1374917
2023-05-26,3293.5,3338.64990234375,3291.0,3328.89990234375,3240.949462890625,1791115
2023-05-29,3360.800048828125,3372.0,3312.0,3320.35009765625,3232.62548828125,1210372
2023-05-30,3315.0,3326.949951171875,3301.35009765625,3316.199951171875,3228.585205078125,1344224
2023-05-31,3309.0,3327.699951171875,3265.14990234375,3289.5,3202.5908203125,5815424
2023-06-01,3314.0,3340.0,3297.5,3324.0,3236.178955078125,1177314
2023-06-02,3326.25,3335.89990234375,3297.449951171875,3305.60009765625,3218.265380859375,2030661
2023-06-05,3315.0,3327.0,3285.050048828125,3288.89990234375,3202.00634765625,1861468
2023-06-06,3280.0,3288.85009765625,3220.60009765625,3232.300048828125,3146.90185546875,2022849
2023-06-07,3253.0,3278.85009765625,3241.0,3274.89990234375,3188.376220703125,1567196
2023-06-08,3261.0,3270.0,3233.0,3236.449951171875,3150.942138671875,1759366
2023-06-09,3245.0,3250.0,3205.35009765625,3209.300048828125,3124.509521484375,1775689
2023-06-12,3215.0,3254.39990234375,3211.0,3246.89990234375,3161.1162109375,2324605
2023-06-13,3260.0,3265.0,3239.0,3243.699951171875,3158.000244140625,1371928
2023-06-14,3243.699951171875,3255.85009765625,3225.85009765625,3251.050048828125,3165.156494140625,1658544
2023-06-15,3245.300048828125,3247.449951171875,3210.0,3216.300048828125,3154.61279296875,2273810
2023-06-16,3197.0,3199.39990234375,3156.0,3174.89990234375,3114.006591796875,4156189
2023-06-19,3190.0,3214.89990234375,3175.0,3210.39990234375,3148.82568359375,1468186
2023-06-20,3214.0,3232.5,3201.050048828125,3227.699951171875,3165.7939453125,1528452
2023-06-21,3250.0,3261.39990234375,3223.949951171875,3258.199951171875,3195.708984375,1645987
2023-06-22,3260.0,3267.64990234375,3230.10009765625,3238.5,3176.38671875,1529603
2023-06-23,3237.300048828125,3249.39990234375,3209.14990234375,3216.35009765625,3154.661865234375,1119505
2023-06-26,3205.0,3213.89990234375,3173.0,3189.64990234375,3128.4736328125,1978803
2023-06-27,3202.0,3209.64990234375,3182.300048828125,3197.35009765625,3136.026123046875,863542
2023-06-28,3208.0,3230.949951171875,3193.39990234375,3215.449951171875,3153.77880859375,1575872
2023-06-30,3220.0,3310.0,3214.10009765625,3302.25,3238.9140625,2672406
2023-07-03,3314.300048828125,3318.800048828125,3268.75,3272.300048828125,3209.538818359375,1687264
2023-07-04,3290.0,3315.0,3277.300048828125,3308.85009765625,3245.3876953125,1656681
2023-07-05,3320.0,3329.0,3305.0,3319.949951171875,3256.274658203125,1453008
2023-07-06,3306.550048828125,3328.449951171875,3302.0,3322.89990234375,3259.16796875,1848238
2023-07-07,3302.0,3356.89990234375,3302.0,3329.25,3265.39599609375,1789326
2023-07-10,3324.75,3324.75,3265.199951171875,3271.949951171875,3209.195068359375,1407431
2023-07-11,3295.0,3295.0,3260.800048828125,3272.39990234375,3209.636474609375,1110172
2023-07-12,3280.949951171875,3289.14990234375,3250.10009765625,3259.89990234375,3197.376220703125,1515240
2023-07-13,3284.0,3367.449951171875,3272.75,3340.550048828125,3276.479736328125,4585146
2023-07-14,3365.0,3524.85009765625,3352.0,3514.64990234375,3447.240478515625,6306101
2023-07-17,3510.0,3549.89990234375,3477.050048828125,3491.699951171875,3424.73046875,2743228
2023-07-18,3476.0,3524.0,3465.0,3496.85009765625,3429.78173828125,2600090
2023-07-19,3500.0,3516.85009765625,3445.64990234375,3470.050048828125,3403.495849609375,2405370
2023-07-20,3453.10009765625,3478.89990234375,3436.050048828125,3463.300048828125,3405.70849609375,1715404
2023-07-21,3404.050048828125,3434.89990234375,3359.050048828125,3368.300048828125,3312.2880859375,3770223
2023-07-24,3381.0,3413.449951171875,3372.10009765625,3394.75,3338.29833984375,1680132
2023-07-25,3397.5,3406.800048828125,3380.199951171875,3399.14990234375,3342.625244140625,1272980
2023-07-26,3400.35009765625,3420.85009765625,3385.0,3388.300048828125,3331.955810546875,1066803
2023-07-27,3394.949951171875,3411.64990234375,3385.050048828125,3396.89990234375,3340.412353515625,1701769
2023-07-28,3385.0,3393.699951171875,3331.0,3355.39990234375,3299.6025390625,2599831
2023-07-31,3364.39990234375,3426.64990234375,3360.89990234375,3421.449951171875,3364.554443359375,2743678
2023-08-01,3415.0,3460.0,3415.0,3452.050048828125,3394.6455078125,1956167
2023-08-02,3434.949951171875,3446.39990234375,3413.60009765625,3440.64990234375,3383.43505859375,1914899
2023-08-03,3420.0,3433.25,3368.0,3399.949951171875,3343.41162109375,2026351
2023-08-04,3401.25,3471.0,3401.25,3443.550048828125,3386.286865234375,2248493
2023-08-07,3453.949951171875,3488.0,3441.25,3484.050048828125,3426.11376953125,1853889
2023-08-08,3484.050048828125,3489.949951171875,3456.60009765625,3470.60009765625,3412.886962890625,1634225
2023-08-09,3464.89990234375,3467.0,3425.050048828125,3462.5,3404.921875,1794589
2023-08-10,3450.0,3464.89990234375,3430.050048828125,3442.10009765625,3384.86083984375,1096701
2023-08-11,3438.10009765625,3466.64990234375,3414.0,3448.800048828125,3391.449462890625,1679974
2023-08-14,3440.699951171875,3455.0,3411.0,3449.85009765625,3392.48193359375,1190425
2023-08-16,3450.0,3466.0,3435.199951171875,3458.39990234375,3400.8896484375,1328445
2023-08-17,3455.0,3460.800048828125,3413.199951171875,3435.75,3378.616455078125,1843241
2023-08-18,3410.0,3410.0,3356.5,3367.10009765625,3311.108154296875,2526749
2023-08-21,3375.0,3409.75,3372.0,3401.64990234375,3345.083251953125,1375579
2023-08-22,3400.0,3411.0,3365.050048828125,3382.14990234375,3325.90771484375,1222012
2023-08-23,3388.0,3402.0,3376.0,3398.25,3341.739990234375,1330046
2023-08-24,3408.0,3413.050048828125,3378.10009765625,3387.75,3331.41455078125,1152881
2023-08-25,3375.0,3385.800048828125,3350.25,3381.300048828125,3325.072021484375,1158046
2023-08-28,3394.0,3394.0,3360.10009765625,3375.550048828125,3319.41748046875,1037485
2023-08-29,3381.050048828125,3389.550048828125,3365.0,3376.14990234375,3320.007568359375,944517
2023-08-30,3398.0,3408.10009765625,3383.050048828125,3390.949951171875,3334.561279296875,1188200
2023-08-31,3401.0,3417.39990234375,3343.64990234375,3356.800048828125,3300.9794921875,3417652
2023-09-01,3366.0,3389.0,3356.800048828125,3379.199951171875,3323.0068359375,1277950
2023-09-04,3378.0,3432.85009765625,3370.050048828125,3418.5,3361.653564453125,1828332
2023-09-05,3420.0,3447.0,3405.14990234375,3429.35009765625,3372.322998046875,1501842
2023-09-06,3434.0,3443.89990234375,3398.10009765625,3429.89990234375,3372.86376953125,1314818
2023-09-07,3430.800048828125,3460.0,3422.300048828125,3455.25,3397.792236328125,1885092
2023-09-08,3455.25,3465.0,3435.050048828125,3441.89990234375,3384.6640625,1518917
2023-09-11,3462.0,3485.699951171875,3445.0,3480.64990234375,3422.76953125,1783604
2023-09-12,3492.0,3589.89990234375,3483.0,3580.800048828125,3521.25439453125,4476016
2023-09-13,3571.10009765625,3588.85009765625,3545.0,3567.85009765625,3508.52001953125,1754929
2023-09-14,3570.050048828125,3597.699951171875,3545.60009765625,3560.050048828125,3500.849609375,2604721
2023-09-15,3567.85009765625,3607.35009765625,3562.449951171875,3598.300048828125,3538.463623046875,2952897
2023-09-18,3580.050048828125,3619.300048828125,3575.25,3606.14990234375,3546.1826171875,1395753
2023-09-20,3580.0,3625.0,3580.0,3606.050048828125,3546.08447265625,1649396
2023-09-21,3588.550048828125,3605.0,3528.0,3585.300048828125,3525.679443359375,2004073
2023-09-22,3584.0,3633.75,3565.050048828125,3603.64990234375,3543.724609375,1989083
2023-09-25,3602.5,3620.0,3558.64990234375,3577.14990234375,3517.665283203125,1238778
2023-09-26,3567.60009765625,3594.949951171875,3536.0,3585.699951171875,3526.072998046875,1726062
2023-09-27,3590.0,3614.0,3555.699951171875,3589.300048828125,3529.61328125,1541134
2023-09-28,3600.0,3602.800048828125,3527.35009765625,3536.75,3477.93701171875,1755753
2023-09-29,3537.199951171875,3568.449951171875,3505.550048828125,3528.60009765625,3469.922607421875,2243791
2023-10-03,3534.199951171875,3534.199951171875,3480.10009765625,3513.85009765625,3455.41796875,1948148
2023-10-04,3486.300048828125,3548.0,3477.300048828125,3537.75,3478.920166015625,1788138
2023-10-05,3554.0,3624.0,3551.199951171875,3589.35009765625,3529.662353515625,2990768
2023-10-06,3591.0,3634.949951171875,3575.050048828125,3621.39990234375,3561.17919921875,2075691
2023-10-09,3645.050048828125,3679.0,3631.0,3638.35009765625,3577.847412109375,4233074
2023-10-10,3640.050048828125,3648.0,3601.35009765625,3628.89990234375,3568.554443359375,1848148
2023-10-11,3650.0,3650.0,3605.0,3609.89990234375,3549.870361328125,2426417
2023-10-12,3575.0,3588.64990234375,3538.10009765625,3542.550048828125,3483.640625,4241281
2023-10-13,3530.0,3577.0,3525.0,3570.85009765625,3511.469970703125,2890357
2023-10-16,3566.0,3574.64990234375,3519.10009765625,3524.050048828125,3465.447998046875,1671104
2023-10-17,3530.0,3534.14990234375,3503.35009765625,3507.050048828125,3448.730712890625,1672065
2023-10-18,3511.0,3522.699951171875,3484.0,3487.25,3429.26025390625,1408245
2023-10-19,3469.5,3476.85009765625,3451.89990234375,3455.64990234375,3406.978515625,1514545
2023-10-20,3450.39990234375,3499.5,3444.050048828125,3494.550048828125,3445.33056640625,1481211
2023-10-23,3473.0,3478.949951171875,3401.300048828125,3410.14990234375,3362.119140625,1106272
2023-10-25,3390.5,3425.0,3377.199951171875,3390.10009765625,3342.3515625,1518537
2023-10-26,3368.050048828125,3373.699951171875,3330.0,3336.75,3289.753173828125,1984471
2023-10-27,3350.0,3362.0,3337.0,3350.949951171875,3303.7529296875,1108851
2023-10-30,3350.0,3382.85009765625,3333.75,3378.550048828125,3330.964599609375,910972
2023-10-31,3399.0,3399.0,3350.050048828125,3368.75,3321.302490234375,999811
2023-11-01,3355.0,3371.60009765625,3311.0,3330.64990234375,3283.73876953125,1563475
2023-11-02,3343.199951171875,3375.949951171875,3343.199951171875,3360.10009765625,3312.7744140625,1245384
2023-11-03,3382.0,3387.89990234375,3344.300048828125,3350.89990234375,3303.70361328125,1402598
2023-11-06,3375.0,3392.300048828125,3359.0,3380.25,3332.640380859375,1099852
2023-11-07,3378.0,3404.14990234375,3366.0,3370.449951171875,3322.978515625,1191144
2023-11-08,3371.449951171875,3401.949951171875,3369.550048828125,3381.550048828125,3333.922119140625,992899
2023-11-09,3390.10009765625,3391.5,3342.050048828125,3347.449951171875,3300.30224609375,2112352
2023-11-10,3338.0,3347.449951171875,3322.35009765625,3333.449951171875,3286.499755859375,1338557
2023-11-13,3356.0,3356.0,3327.0,3331.550048828125,3284.62646484375,1030990
2023-11-15,3383.10009765625,3413.0,3356.050048828125,3404.300048828125,3356.351806640625,2059802
2023-11-16,3430.050048828125,3529.35009765625,3414.199951171875,3497.85009765625,3448.584228515625,3951984
2023-11-17,3497.85009765625,3524.5,3492.550048828125,3502.449951171875,3453.119384765625,2021292
2023-11-20,3491.25,3533.89990234375,3491.25,3519.60009765625,3470.02783203125,1475621
2023-11-21,3519.60009765625,3539.050048828125,3501.0,3510.199951171875,3460.760009765625,1807236
2023-11-22,3500.0,3532.64990234375,3481.10009765625,3530.14990234375,3480.428955078125,1798051
2023-11-23,3530.0,3544.0,3500.0,3508.25,3458.83740234375,2729804
2023-11-24,3494.25,3504.550048828125,3453.0,3457.10009765625,3408.407958984375,1989733
2023-11-28,3457.10009765625,3481.25,3433.0,3470.14990234375,3421.274169921875,1689195
2023-11-29,3481.0,3518.0,3475.800048828125,3513.75,3464.26025390625,1441634
2023-11-30,3499.449951171875,3516.64990234375,3481.0,3487.60009765625,3438.478515625,3266235
2023-12-01,3500.0,3516.949951171875,3490.050048828125,3511.64990234375,3462.189453125,1172141
2023-12-04,3544.64990234375,3547.800048828125,3498.0,3512.449951171875,3462.978271484375,1625213
2023-12-05,3538.0,3538.0,3502.800048828125,3531.60009765625,3481.858642578125,1377656
2023-12-06,3532.60009765625,3612.85009765625,3525.14990234375,3604.10009765625,3553.33740234375,1896572
2023-12-07,3605.0,3630.550048828125,3591.699951171875,3614.89990234375,3563.9853515625,1967653
2023-12-08,3633.0,3645.0,3602.050048828125,3626.699951171875,3575.618896484375,1641155
2023-12-11,3622.89990234375,3653.0,3615.0,3642.89990234375,3591.591064453125,1102503
2023-12-12,3638.949951171875,3698.39990234375,3631.0,3672.10009765625,3620.3798828125,2236866
2023-12-13,3643.550048828125,3650.0,3563.0,3593.550048828125,3542.93603515625,3850968
2023-12-14,3630.0,3678.0,3627.60009765625,3667.25,3615.59814453125,3290396
2023-12-15,3666.699951171875,3895.949951171875,3666.699951171875,3861.0,3806.619384765625,8531230
2023-12-18,3858.10009765625,3929.0,3830.14990234375,3859.199951171875,3804.8447265625,2521612
2023-12-19,3845.0,3855.10009765625,3790.0,3816.199951171875,3762.4501953125,2004435
2023-12-20,3827.25,3898.800048828125,3766.550048828125,3780.050048828125,3726.809326171875,2586083
2023-12-21,3756.25,3806.699951171875,3743.35009765625,3787.5,3734.154541015625,1517562
2023-12-22,3800.0,3845.949951171875,3762.0,3824.0,3770.140380859375,2413058
2023-12-26,3819.85009765625,3834.0,3790.14990234375,3795.550048828125,3742.09130859375,1285231
2023-12-27,3799.0,3818.199951171875,3768.0,3811.199951171875,3757.5205078125,1293976
2023-12-28,3824.0,3838.0,3792.10009765625,3799.89990234375,3746.379638671875,1682889
2023-12-29,3792.0,3822.60009765625,3765.39990234375,3793.39990234375,3739.971435546875,1574996
2024-01-01,3790.0,3832.0,3773.0,3811.10009765625,3757.422119140625,825907
2024-01-02,3811.10009765625,3811.10009765625,3767.25,3783.199951171875,3729.914794921875,1344068
2024-01-03,3767.0,3771.85009765625,3687.050048828125,3691.75,3639.7529296875,1803075
2024-01-04,3701.75,3719.0,3651.0,3666.800048828125,3615.154296875,3598144
2024-01-05,3675.0,3747.75,3674.85009765625,3737.89990234375,3685.2529296875,1963127
2024-01-08,3737.89990234375,3739.75,3672.39990234375,3678.300048828125,3626.492431640625,1067805
2024-01-09,3709.949951171875,3752.35009765625,3682.75,3689.89990234375,3637.928955078125,1370944
2024-01-10,3690.0,3729.25,3688.0,3713.050048828125,3660.7529296875,1292227
2024-01-11,3724.0,3773.0,3707.0,3735.550048828125,3682.93603515625,1777909
2024-01-12,3848.0,3905.25,3821.60009765625,3882.800048828125,3828.112060546875,6813450
2024-01-15,3960.0,3965.0,3885.0,3903.800048828125,3848.81640625,2801505
2024-01-16,3899.0,3899.0,3855.550048828125,3861.300048828125,3806.9150390625,1432672
2024-01-17,3819.0,3909.949951171875,3812.550048828125,3884.60009765625,3829.88671875,3458696
2024-01-18,3898.0,3908.800048828125,3862.0,3902.60009765625,3847.63330078125,2239110
2024-01-19,3945.0,3963.550048828125,3915.050048828125,3943.050048828125,3905.52734375,2941975
2024-01-23,3900.0,3933.89990234375,3842.75,3858.25,3821.5341796875,2618854
2024-01-24,3880.0,3883.64990234375,3805.60009765625,3841.800048828125,3805.24072265625,2657709
2024-01-25,3839.89990234375,3861.0,3778.699951171875,3810.300048828125,3774.04052734375,2205154
2024-01-29,3800.800048828125,3820.0,3780.85009765625,3801.0,3764.828857421875,1646747
2024-01-30,3807.449951171875,3847.800048828125,3787.0,3800.550048828125,3764.383056640625,1411621
2024-01-31,3811.199951171875,3834.0,3796.449951171875,3815.949951171875,3779.636474609375,2459358
2024-02-01,3820.0,3904.89990234375,3805.050048828125,3854.14990234375,3817.472900390625,2363107
2024-02-02,3875.050048828125,3984.39990234375,3872.0,3966.300048828125,3928.555908203125,2826510
2024-02-05,3983.0,4022.0,3962.10009765625,3973.300048828125,3935.4892578125,1691523
2024-02-06,3997.0,4149.89990234375,3990.0,4136.0,4096.64111328125,4474396
2024-02-07,4153.0,4155.0,4073.949951171875,4083.39990234375,4044.541259765625,2124267
2024-02-08,4090.0,4158.0,4086.050048828125,4134.10009765625,4094.75927734375,2345173
2024-02-09,4136.5498046875,4184.75,4100.0,4133.7001953125,4094.363037109375,2100596
2024-02-12,4130.0,4159.60009765625,4105.5498046875,4120.7001953125,4081.48681640625,1013716
2024-02-13,4125.4501953125,4170.0,4081.5,4149.5,4110.01220703125,1257415
2024-02-14,4107.0,4114.89990234375,4049.5,4100.10009765625,4061.082763671875,1391283
2024-02-15,4128.0,4146.2998046875,4083.0,4103.2001953125,4064.1533203125,1091582
2024-02-16,4113.25,4147.9501953125,4100.10009765625,4128.2998046875,4089.01416015625,1307556
2024-02-19,4123.0498046875,4128.2998046875,4055.0,4103.7998046875,4064.7470703125,772291
2024-02-20,4082.10009765625,4098.0,4010.0,4030.64990234375,3992.293212890625,1193648
2024-02-21,4013.0,4063.35009765625,3980.60009765625,3991.5,3953.51611328125,1885939
2024-02-22,3971.0,4094.949951171875,3971.0,4087.10009765625,4048.206298828125,2982052
2024-02-23,4130.0,4130.0,4046.39990234375,4052.10009765625,4013.539306640625,2538072
2024-02-26,4036.0,4050.0,3982.75,4001.050048828125,3962.97509765625,1379284
2024-02-27,3999.0,4124.0,3999.0,4104.39990234375,4065.341552734375,2960475
2024-02-28,4095.60009765625,4154.89990234375,4089.0,4118.9501953125,4079.75341796875,1939225
2024-02-29,4099.0,4138.10009765625,4064.550048828125,4095.10009765625,4056.13037109375,3772719
2024-03-01,4107.2001953125,4140.0,4086.800048828125,4094.35009765625,4055.387451171875,2043265
2024-03-04,4105.0,4117.89990234375,4075.89990234375,4080.699951171875,4041.8671875,1749271
2024-03-05,4062.0,4064.0,3980.0,4012.10009765625,3973.920166015625,2070859
2024-03-06,3994.050048828125,4072.0,3958.449951171875,4064.300048828125,4025.623291015625,1744204
2024-03-07,4065.0,4124.0,4037.699951171875,4108.60009765625,4069.501953125,2688905
2024-03-11,4089.0,4153.0,4089.0,4122.35009765625,4083.120849609375,2304068
2024-03-12,4122.35009765625,4229.9501953125,4121.0498046875,4192.25,4152.35595703125,4039801
2024-03-13,4205.0,4241.0,4131.89990234375,4149.0,4109.517578125,2837260
2024-03-14,4153.4501953125,4225.0,4086.0,4207.60009765625,4167.5595703125,2919608
2024-03-15,4192.60009765625,4239.0,4177.0,4219.25,4179.09912109375,3373143
2024-03-18,4215.25,4254.75,4117.85009765625,4152.5,4112.98388671875,1526904
2024-03-19,4051.25,4058.0,3966.60009765625,3977.300048828125,3939.451171875,8931209
2024-03-20,3986.0,4018.0,3960.199951171875,3970.89990234375,3933.11181640625,1817913
2024-03-21,3990.050048828125,4008.39990234375,3948.0,3972.949951171875,3935.142578125,3829582
2024-03-22,3897.0,3938.0,3855.0,3910.89990234375,3873.68310546875,5852485
2024-03-26,3875.0,3946.699951171875,3871.449951171875,3877.5,3840.600830078125,3440925
2024-03-27,3888.5,3895.0,3829.39990234375,3840.89990234375,3804.34912109375,1968575
2024-03-28,3850.10009765625,3915.0,3840.5,3876.300048828125,3839.412353515625,4311783
2024-04-01,3897.699951171875,3933.300048828125,3888.050048828125,3916.75,3879.4775390625,1569676
2024-04-02,3890.0,3909.85009765625,3873.0,3883.800048828125,3846.841064453125,2142666
2024-04-03,3851.0,3981.0,3851.0,3947.300048828125,3909.73681640625,3973090
2024-04-04,3975.89990234375,4028.64990234375,3935.25,4003.300048828125,3965.203857421875,3394637
2024-04-05,3978.0,4002.0,3960.5,3979.25,3941.3828125,1636819
2024-04-08,3983.0,4032.64990234375,3960.0,3972.550048828125,3934.74658203125,2302538
2024-04-09,3984.0,4015.85009765625,3925.050048828125,3946.550048828125,3908.993896484375,1876992
2024-04-10,3956.39990234375,3990.199951171875,3918.0,3984.64990234375,3946.731201171875,2101965
2024-04-12,3971.0,4013.35009765625,3945.5,4001.39990234375,3963.32177734375,4354821
2024-04-15,4001.39990234375,4064.199951171875,3919.050048828125,3941.199951171875,3903.694580078125,4200329
2024-04-16,3902.0,3928.699951171875,3862.85009765625,3872.800048828125,3835.94580078125,3051420
2024-04-18,3876.800048828125,3936.0,3850.0,3862.0,3825.248291015625,3476284
2024-04-19,3838.0,3852.550048828125,3800.89990234375,3826.199951171875,3789.7890625,2957749
2024-04-22,3837.0,3878.0,3812.0,3864.60009765625,3827.82373046875,1728883
2024-04-23,3877.050048828125,3895.0,3860.60009765625,3874.699951171875,3837.82763671875,1807586
2024-04-24,3890.0,3898.0,3824.449951171875,3831.050048828125,3794.593017578125,1317312
2024-04-25,3811.199951171875,3873.64990234375,3811.0,3852.199951171875,3815.541748046875,2856271
2024-04-26,3855.14990234375,3876.800048828125,3802.550048828125,3821.35009765625,3784.985107421875,2039178
2024-04-29,3838.0,3877.800048828125,3819.199951171875,3870.199951171875,3833.370361328125,1110693
2024-04-30,3872.0,3881.75,3810.0,3820.64990234375,3784.291748046875,2203078
2024-05-02,3778.050048828125,3871.10009765625,3778.050048828125,3863.300048828125,3826.5361328125,2491044
2024-05-03,3890.14990234375,3893.60009765625,3797.60009765625,3843.39990234375,3806.825439453125,2962234
2024-05-06,3853.0,3939.949951171875,3853.0,3921.050048828125,3883.736572265625,2053831
2024-05-07,3930.800048828125,3988.0,3913.5,3978.949951171875,3941.085205078125,2062112
2024-05-08,3961.0,3984.300048828125,3938.60009765625,3976.949951171875,3939.1044921875,1247685
2024-05-09,3962.0,3971.0,3910.050048828125,3960.199951171875,3922.513916015625,1726486
2024-05-10,3962.60009765625,3973.60009765625,3885.050048828125,3893.89990234375,3856.8447265625,1672489
2024-05-13,3884.5,3955.0,3870.0,3947.800048828125,3910.23193359375,931326
2024-05-14,3936.0,3945.800048828125,3892.89990234375,3901.199951171875,3864.0751953125,1058317
2024-05-15,3904.5,3926.949951171875,3875.5,3880.39990234375,3843.47314453125,1115021
2024-05-16,3891.10009765625,3909.5,3843.5,3900.949951171875,3891.91064453125,2599399
2024-05-17,3919.0,3920.0,3830.0,3834.10009765625,3825.2158203125,2765804
2024-05-21,3830.60009765625,3844.75,3810.050048828125,3820.199951171875,3811.347900390625,1908117
2024-05-22,3835.0,3841.25,3817.550048828125,3832.0,3823.12060546875,1311168
2024-05-23,3840.949951171875,3905.0,3825.5,3893.449951171875,3884.427978515625,2095742
2024-05-24,3878.25,3883.800048828125,3844.300048828125,3849.5,3840.580078125,1309452
2024-05-27,3855.0,3908.35009765625,3841.35009765625,3847.050048828125,3838.1357421875,1841538
2024-05-28,3858.0,3870.0,3830.0,3839.89990234375,3831.002197265625,1801993
2024-05-29,3848.89990234375,3848.89990234375,3800.0,3803.64990234375,3794.836181640625,1568095
2024-05-30,3777.0,3794.39990234375,3715.449951171875,3736.10009765625,3727.44287109375,2919230
2024-05-31,3740.0,3749.800048828125,3653.75,3670.949951171875,3662.443603515625,10956800
2024-06-03,3732.800048828125,3751.550048828125,3696.0,3702.85009765625,3694.269775390625,2156773
2024-06-04,3700.0,3745.0,3591.5,3715.0,3706.3916015625,3395997
2024-06-05,3716.0,3783.800048828125,3700.0,3746.449951171875,3737.768798828125,2799670
2024-06-06,3781.0,3839.89990234375,3741.5,3830.39990234375,3821.524169921875,4328036
2024-06-07,3837.300048828125,3915.0,3837.300048828125,3893.949951171875,3884.927001953125,4552445
2024-06-10,3895.0,3905.89990234375,3841.89990234375,3858.699951171875,3849.758544921875,1734661
2024-06-11,3845.0,3879.949951171875,3841.0,3852.10009765625,3843.174072265625,1419898
2024-06-12,3874.39990234375,3893.5,3827.449951171875,3831.64990234375,3822.771240234375,2177001
2024-06-13,3856.800048828125,3890.0,3852.0,3878.14990234375,3869.16357421875,1932323
2024-06-14,3889.0,3889.0,3828.0,3832.050048828125,3823.17041015625,1860730
2024-06-18,3826.050048828125,3842.0,3795.050048828125,3815.10009765625,3806.259765625,1774045
2024-06-19,3827.64990234375,3833.85009765625,3792.949951171875,3801.699951171875,3792.890625,1509050
2024-06-20,3796.0,3809.949951171875,3780.050048828125,3787.25,3778.47412109375,2846526
2024-06-21,3827.0,3877.800048828125,3798.050048828125,3810.75,3801.919677734375,4642195
2024-06-24,3808.75,3857.0,3791.300048828125,3816.800048828125,3807.955810546875,1702154
2024-06-25,3817.0,3847.64990234375,3792.89990234375,3838.449951171875,3829.555419921875,1338808
2024-06-26,3844.5,3866.949951171875,3841.0,3855.85009765625,3846.915283203125,1639845
2024-06-27,3831.0,3942.0,3818.10009765625,3934.14990234375,3925.03369140625,4526556
2024-06-28,3917.800048828125,3960.0,3897.85009765625,3904.14990234375,3895.103271484375,2731571
2024-07-01,3884.0,4001.699951171875,3884.0,3978.199951171875,3968.981689453125,2658723
2024-07-02,3993.60009765625,4023.39990234375,3982.550048828125,4017.39990234375,4008.0908203125,2307449
2024-07-03,4020.0,4026.10009765625,3955.0,3965.25,3956.061767578125,1821198
2024-07-04,3999.85009765625,4047.35009765625,3982.10009765625,4020.949951171875,4011.632568359375,2518001
2024-07-05,4010.0,4026.75,3988.0,4011.800048828125,4002.50390625,1668616
2024-07-08,4022.0,4031.25,3978.050048828125,3993.199951171875,3983.947021484375,1758882
2024-07-09,3985.0,4006.949951171875,3975.10009765625,3985.5,3976.264892578125,1305801
2024-07-10,3983.699951171875,4003.300048828125,3902.0,3909.14990234375,3900.091552734375,2669716
2024-07-11,3931.0,3980.0,3895.60009765625,3923.699951171875,3914.60791015625,4872189
2024-07-12,3980.0,4199.9501953125,3971.300048828125,4183.9501953125,4174.25537109375,13509164
2024-07-15,4235.7001953125,4240.0,4157.0498046875,4169.2001953125,4159.53955078125,4848030
2024-07-16,4172.0,4194.5498046875,4144.89990234375,4178.4501953125,4168.76806640625,2029521
2024-07-18,4160.0,4325.0,4160.0,4315.5498046875,4305.5498046875,5613364
2024-07-19,4317.39990234375,4358.75,4285.25,4302.39990234375,4302.39990234375,3903354
2024-07-22,4299.9501953125,4319.9501953125,4265.0,4287.35009765625,4287.35009765625,1896386
2024-07-23,4283.0,4361.7001953125,4266.2998046875,4302.35009765625,4302.35009765625,2365208
2024-07-24,4287.5,4339.10009765625,4268.10009765625,4306.25,4306.25,1809793
2024-07-25,4295.0,4343.0,4274.2001953125,4322.5,4322.5,2810342
2024-07-26,4350.0,4422.4501953125,4337.0498046875,4387.85009765625,4387.85009765625,3552210
2024-07-29,4415.0,4431.0,4371.0,4381.10009765625,4381.10009765625,1746803
2024-07-30,4391.10009765625,4398.0,4327.2998046875,4365.35009765625,4365.35009765625,1797906
2024-07-31,4350.0,4414.0,4345.0,4385.35009765625,4385.35009765625,2330091
